Accuracy,Sensitivity,Specificity,MCC,AUC
0.8377110694183865,0.8461538461538461,0.8292682926829268,0.6755184482593812,0.9134461383580498
