Accuracy,Sensitivity,Specificity,MCC,AUC
0.9765478424015009,0.9812382739212008,0.9718574108818011,0.9531376240629765,0.9965785370077687
