{
    "Accuracy": 0.8377110694183865,
    "Sensitivity": 0.8461538461538461,
    "Specificity": 0.8292682926829268,
    "MCC": 0.6755184482593812,
    "AUC": 0.9134461383580498
}